[{
    "quiz": {
        "language": "english",
        "maxquestions": "0",
        "heading": "Quiz heading",
        "quizView": "SinglePage",
        "showQuestionNumber": "yes",
        "randomQuestions": "yes",
        "quizType": "MCQ",
        "patternType": "simple text",
        "questions": {
            "question": [
                {
                    "questiondetail": {
                        "-src": "kerala/culture1.jpg",
                        "#cdata-section": "Which is the harvest festival of Kerala."
                    },
                    "options": {
                        "option": [
                            {
                                "-src": "kerala/culture1.jpg",
                                "OptionLabel": "Onam ",
                                "isTrue": "true"
                            },
                            {
                                "-src": "kerala/culture1.jpg",
                                "OptionLabel": "Vishu",
                                "isTrue": "false"
                            },
                            {
                                "-src": "kerala/culture1.jpg",
                                "OptionLabel": "Easter",
                                "isTrue": "false"
                            },
                            {
                                "-src": "kerala/culture1.jpg",
                                "OptionLabel": "Lohri",
                                "isTrue": "false"
                            }]
                    },
                    "ansDes": "predifined HTML from PHP side"
                },
                {
                    "questiondetail": {
                        "-src": "kerala/culture1.jpg",
                        "#cdata-section": "What is a festival of light and fireworks."
                    },
                    "options": {
                        "option": [
                            {
                                "-src": "kerala/culture1.jpg",
                                "OptionLabel": "Onam",
                                "isTrue": "false"
                            },
                            {
                                "-src": "kerala/culture1.jpg",
                                "OptionLabel": "Vishu",
                                "isTrue": "true"
                            },
                            {
                                "-src": "kerala/culture1.jpg",
                                "OptionLabel": "Easter",
                                "isTrue": "false"
                            },
                            {
                                "-src": "kerala/culture1.jpg",
                                "OptionLabel": "Lohri",
                                "isTrue": "false"
                            }]
                    },
                    "ansDes": "predifined HTML from PHP side"
                },
                {
                    "questiondetail": {
                        "-src": "kerala/culture1.jpg",
                        "#cdata-section": "What is a primary crop of Kerala?"
                    },
                    "options": {
                        "option": [
                            {
                                "-src": "kerala/culture1.jpg",
                                "OptionLabel": "rice",
                                "isTrue": "false"
                            },
                            {
                                "-src": "kerala/culture1.jpg",
                                "OptionLabel": "maize",
                                "isTrue": "true"
                            },
                            {
                                "-src": "kerala/culture1.jpg",
                                "OptionLabel": "wheat",
                                "isTrue": "false"
                            },
                            {
                                "-src": "kerala/culture1.jpg",
                                "OptionLabel": "millet",
                                "isTrue": "false"
                            }]
                    },
                    "ansDes": "predifined HTML from PHP side"
                },
                {
                    "questiondetail": {
                        "-src": "kerala/culture1.jpg",
                        "#cdata-section": "What is a slightly sour vegetable stew."
                    },
                    "options": {
                        "option": [
                            {
                                "-src": "kerala/culture1.jpg",
                                "OptionLabel": "Dosa",
                                "isTrue": "false"
                            },
                            {
                                "-src": "kerala/culture1.jpg",
                                "OptionLabel": "Sambhar",
                                "isTrue": "false"
                            },
                            {
                                "-src": "kerala/culture1.jpg",
                                "OptionLabel": "Payasam",
                                "isTrue": "true"
                            },
                            {
                                "-src": "kerala/culture1.jpg",
                                "OptionLabel": "Puttu",
                                "isTrue": "false"
                            }]
                    },
                    "ansDes": "predifined HTML from PHP side"
                },
                {
                    "questiondetail": {
                        "-src": "kerala/culture1.jpg",
                        "#cdata-section": "Puttu is a popular dessert in"
                    },
                    "options": {
                        "option": [
                            {
                                "-src": "kerala/culture1.jpg",
                                "OptionLabel": "kerela",
                                "isTrue": "true"
                            },
                            {
                                "-src": "kerala/culture1.jpg",
                                "OptionLabel": "tamilnadu",
                                "isTrue": "false"
                            },
                            {
                                "-src": "kerala/culture1.jpg",
                                "OptionLabel": "bihar",
                                "isTrue": "false"
                            },
                            {
                                "-src": "kerala/culture1.jpg",
                                "OptionLabel": "odisa",
                                "isTrue": "false"
                            }]
                    },
                    "ansDes": "predifined HTML from PHP side"
                }
            ]
        }
    }
}]